open_time,open,high,low,close,volume,close_time,quote_asset_volume,number_of_trades,taker_buy_base_asset_volume,taker_buy_quote_asset_volume,ignore
2024-04-17 12:00:00,0.683,0.6868,0.6761,0.6818,21120852.0,2024-04-17 12:59:59.999,14392804.88650,31669,10498809,7154913.94260,0
2024-04-17 13:00:00,0.6819,0.6893,0.6808,0.6848,20557273.0,2024-04-17 13:59:59.999,14080210.55330,29038,10087625,6908522.53930,0
2024-04-17 14:00:00,0.6848,0.685,0.6605,0.672,58667599.0,2024-04-17 14:59:59.999,39303641.93310,76630,27526647,18439740.76720,0
2024-04-17 15:00:00,0.672,0.6742,0.6577,0.662,50435495.0,2024-04-17 15:59:59.999,33505566.43100,61920,25019531,16619599.66740,0
2024-04-17 16:00:00,0.6621,0.6736,0.6548,0.6585,53681168.0,2024-04-17 16:59:59.999,35663180.34160,62012,26070718,17309542.34770,0
2024-04-17 17:00:00,0.6585,0.6746,0.6579,0.6728,29872420.0,2024-04-17 17:59:59.999,19892195.04000,35328,15668489,10435307.35250,0
2024-04-17 18:00:00,0.6728,0.6909,0.6718,0.6838,38425694.0,2024-04-17 18:59:59.999,26302211.81170,53165,19269292,13189872.31530,0
2024-04-17 19:00:00,0.6839,0.684,0.6701,0.6758,21683518.0,2024-04-17 19:59:59.999,14668520.33230,34145,11120576,7524076.92830,0
2024-04-17 20:00:00,0.6757,0.6793,0.6665,0.667,15122517.0,2024-04-17 20:59:59.999,10188218.00090,25935,7616907,5129625.84880,0
2024-04-17 21:00:00,0.6669,0.6823,0.6669,0.6779,16087138.0,2024-04-17 21:59:59.999,10878275.62160,29518,8369548,5656096.55180,0
2024-04-17 22:00:00,0.6779,0.6788,0.6721,0.6743,12715251.0,2024-04-17 22:59:59.999,8587336.98240,21369,6266490,4231803.23840,0
2024-04-17 23:00:00,0.6743,0.6773,0.6661,0.6674,13698719.0,2024-04-17 23:59:59.999,9176618.89000,24701,6715360,4497983.55790,0
2024-04-18 00:00:00,0.6674,0.6718,0.6532,0.6659,31371154.0,2024-04-18 00:59:59.999,20767710.29790,50103,15560466,10303410.55180,0
2024-04-18 01:00:00,0.6659,0.6743,0.6656,0.6728,21257992.0,2024-04-18 01:59:59.999,14243148.97310,40575,11139386,7462910.14280,0
2024-04-18 02:00:00,0.6728,0.6755,0.6666,0.6738,15401507.0,2024-04-18 02:59:59.999,10337896.22960,29648,7855395,5273106.98160,0
2024-04-18 03:00:00,0.6738,0.6803,0.6734,0.675,14981935.0,2024-04-18 03:59:59.999,10143072.28590,26327,7300762,4941673.58940,0
2024-04-18 04:00:00,0.675,0.6792,0.672,0.6725,11436606.0,2024-04-18 04:59:59.999,7728028.56220,20108,6060022,4095275.70290,0
2024-04-18 05:00:00,0.6726,0.6788,0.6692,0.6699,11997537.0,2024-04-18 05:59:59.999,8083367.53380,22400,5828260,3926889.79920,0
2024-04-18 06:00:00,0.67,0.6725,0.6564,0.661,19845449.0,2024-04-18 06:59:59.999,13163186.96880,31899,10473766,6947404.93080,0
2024-04-18 07:00:00,0.661,0.6655,0.6526,0.6563,24380006.0,2024-04-18 07:59:59.999,16046316.38380,36825,11834958,7792101.52050,0
2024-04-18 08:00:00,0.6564,0.6631,0.6493,0.6603,25945314.0,2024-04-18 08:59:59.999,17028125.31210,38992,12209533,8016148.77020,0
2024-04-18 09:00:00,0.6604,0.6658,0.6592,0.6652,13871104.0,2024-04-18 09:59:59.999,9186827.34440,24449,7106065,4705686.85890,0
2024-04-18 10:00:00,0.6653,0.671,0.6636,0.6694,13611843.0,2024-04-18 10:59:59.999,9079672.60290,27275,6587595,4393672.60150,0
2024-04-18 11:00:00,0.6695,0.6856,0.6694,0.6793,29604472.0,2024-04-18 11:59:59.999,20136509.23020,39828,14152794,9627160.42580,0
2024-04-18 12:00:00,0.6793,0.6807,0.6647,0.6711,27429906.0,2024-04-18 12:59:59.999,18434887.15490,38310,13859745,9313340.56880,0
2024-04-18 13:00:00,0.6711,0.6762,0.6668,0.675,26655468.0,2024-04-18 13:59:59.999,17902749.23340,35575,12825229,8612086.76270,0
2024-04-18 14:00:00,0.675,0.6889,0.6705,0.6864,35144450.0,2024-04-18 14:59:59.999,24001522.36310,47175,16824259,11489075.49780,0
2024-04-18 15:00:00,0.6863,0.6909,0.6819,0.6853,18416803.0,2024-04-18 15:59:59.999,12633201.01130,30455,8921570,6119182.97280,0
2024-04-18 16:00:00,0.6853,0.6866,0.6773,0.679,19103265.0,2024-04-18 16:59:59.999,13032545.38140,29353,9444820,6442949.62890,0
2024-04-18 17:00:00,0.6791,0.6796,0.666,0.6664,21123443.0,2024-04-18 17:59:59.999,14199308.29600,33482,10006187,6728205.82390,0
2024-04-18 18:00:00,0.6665,0.6709,0.6611,0.6698,19797030.0,2024-04-18 18:59:59.999,13201564.82460,30633,10383589,6925291.18550,0
2024-04-18 19:00:00,0.6699,0.6754,0.6685,0.6741,13318067.0,2024-04-18 19:59:59.999,8956293.92940,24917,6916087,4650873.54330,0
2024-04-18 20:00:00,0.6741,0.6752,0.6693,0.6747,12803783.0,2024-04-18 20:59:59.999,8606836.72320,19700,6985500,4695463.96310,0
2024-04-18 21:00:00,0.6748,0.6798,0.6744,0.6775,10326252.0,2024-04-18 21:59:59.999,6996646.03640,15737,5051988,3423057.25500,0
2024-04-18 22:00:00,0.6774,0.682,0.6745,0.6779,12190878.0,2024-04-18 22:59:59.999,8264415.49100,19055,5978234,4053419.49520,0
2024-04-18 23:00:00,0.6779,0.68,0.6744,0.6754,6814070.0,2024-04-18 23:59:59.999,4614717.64390,13741,3277542,2219948.42830,0
2024-04-19 00:00:00,0.6753,0.6754,0.6648,0.6651,16262654.0,2024-04-19 00:59:59.999,10894826.59160,25444,8451760,5662871.06580,0
2024-04-19 01:00:00,0.6652,0.6658,0.6334,0.6364,63367062.0,2024-04-19 01:59:59.999,40962755.94950,80315,28216340,18232535.07750,0
2024-04-19 02:00:00,0.6364,0.64,0.6186,0.6364,78057391.0,2024-04-19 02:59:59.999,49027878.52550,102549,38845252,24399662.64350,0
2024-04-19 03:00:00,0.6363,0.6534,0.6349,0.6483,46123457.0,2024-04-19 03:59:59.999,29736302.51800,72725,22597821,14572222.07760,0
2024-04-19 04:00:00,0.6483,0.6588,0.6475,0.6527,22717809.0,2024-04-19 04:59:59.999,14849271.63920,36777,11489541,7509495.19120,0
2024-04-19 05:00:00,0.6526,0.655,0.6452,0.6495,19335617.0,2024-04-19 05:59:59.999,12565436.23870,33063,10013178,6507262.45560,0
2024-04-19 06:00:00,0.6495,0.6782,0.6458,0.677,40825142.0,2024-04-19 06:59:59.999,27120877.20130,59761,20491326,13609769.30970,0
2024-04-19 07:00:00,0.6769,0.6841,0.6669,0.6701,34944414.0,2024-04-19 07:59:59.999,23567492.83080,51654,17578441,11858199.93860,0
2024-04-19 08:00:00,0.6699,0.6769,0.6662,0.6757,31631756.0,2024-04-19 08:59:59.999,21243995.03300,41116,16576945,11133850.03840,0
2024-04-19 09:00:00,0.6758,0.6773,0.6722,0.676,13902237.0,2024-04-19 09:59:59.999,9381728.19600,26563,6989429,4716329.42260,0
2024-04-19 10:00:00,0.676,0.681,0.6723,0.6793,14800877.0,2024-04-19 10:59:59.999,10009971.76870,25431,7645948,5170503.70020,0
2024-04-19 11:00:00,0.6793,0.6844,0.6775,0.6795,15420347.0,2024-04-19 11:59:59.999,10499010.39690,26430,6826558,4647305.96690,0
2024-04-19 12:00:00,0.6794,0.6835,0.676,0.6791,17440391.0,2024-04-19 12:59:59.999,11855305.97990,29222,8537367,5803800.55540,0
2024-04-19 13:00:00,0.6791,0.6904,0.6743,0.687,34152449.0,2024-04-19 13:59:59.999,23328004.92870,45155,17942019,12249466.01570,0
2024-04-19 14:00:00,0.6869,0.6894,0.6758,0.6815,27487931.0,2024-04-19 14:59:59.999,18751896.29830,38584,13670195,9325355.10350,0
2024-04-19 15:00:00,0.6814,0.6855,0.6785,0.6804,17837968.0,2024-04-19 15:59:59.999,12168485.87190,27785,9482591,6468945.98410,0
2024-04-19 16:00:00,0.6803,0.6815,0.6689,0.674,35512447.0,2024-04-19 16:59:59.999,23938244.47440,46356,16609456,11195963.00180,0
2024-04-19 17:00:00,0.674,0.6817,0.6724,0.6786,13157010.0,2024-04-19 17:59:59.999,8898219.24740,27624,6808551,4604891.21690,0
2024-04-19 18:00:00,0.6785,0.6788,0.672,0.6735,9849773.0,2024-04-19 18:59:59.999,6646880.07060,19339,5080943,3428729.30950,0
2024-04-19 19:00:00,0.6734,0.6782,0.6717,0.6779,11054761.0,2024-04-19 19:59:59.999,7458210.16050,18552,5771862,3893912.38220,0
2024-04-19 20:00:00,0.6779,0.6779,0.6675,0.6712,10919044.0,2024-04-19 20:59:59.999,7338505.14950,18134,4796557,3223501.45830,0
2024-04-19 21:00:00,0.6711,0.6775,0.671,0.6773,5167793.0,2024-04-19 21:59:59.999,3487660.21500,11816,2981075,2011924.97120,0
2024-04-19 22:00:00,0.6774,0.6829,0.6756,0.6764,9541739.0,2024-04-19 22:59:59.999,6478311.84690,19617,4931880,3348352.55740,0
2024-04-19 23:00:00,0.6764,0.677,0.661,0.6724,30830933.0,2024-04-19 23:59:59.999,20609126.46270,47736,14041760,9386176.63470,0
2024-04-20 00:00:00,0.6723,0.677,0.6656,0.6667,20507687.0,2024-04-20 00:59:59.999,13764641.70650,39878,10306270,6915677.24790,0
2024-04-20 01:00:00,0.6666,0.6803,0.663,0.6772,17054873.0,2024-04-20 01:59:59.999,11461363.44010,32335,8687841,5841403.19290,0
2024-04-20 02:00:00,0.6771,0.6805,0.675,0.6766,11335826.0,2024-04-20 02:59:59.999,7682621.76900,21645,5649942,3829168.33350,0
2024-04-20 03:00:00,0.6765,0.6794,0.6736,0.679,7382227.0,2024-04-20 03:59:59.999,4991687.79120,14472,3854587,2606539.37630,0
2024-04-20 04:00:00,0.6791,0.6833,0.6766,0.6808,8423002.0,2024-04-20 04:59:59.999,5730365.11700,16191,3520372,2394814.23850,0
2024-04-20 05:00:00,0.6806,0.6829,0.6791,0.6806,6577323.0,2024-04-20 05:59:59.999,4479104.41440,12226,3307580,2252414.21990,0
2024-04-20 06:00:00,0.6805,0.6869,0.6795,0.6843,8550037.0,2024-04-20 06:59:59.999,5841972.61930,15518,4465002,3050452.34840,0
2024-04-20 07:00:00,0.6844,0.6876,0.6833,0.6858,7105638.0,2024-04-20 07:59:59.999,4869626.58650,13285,3561403,2440843.79620,0
2024-04-20 08:00:00,0.6859,0.686,0.6808,0.6817,7882171.0,2024-04-20 08:59:59.999,5385081.84720,15119,3565098,2435751.18570,0
2024-04-20 09:00:00,0.6817,0.6825,0.6759,0.6798,11752189.0,2024-04-20 09:59:59.999,7978627.65060,19927,5830038,3957883.15260,0
2024-04-20 10:00:00,0.6798,0.6833,0.6762,0.6795,11650754.0,2024-04-20 10:59:59.999,7919713.23510,18940,6060819,4120268.63940,0
2024-04-20 11:00:00,0.6794,0.6837,0.6777,0.6816,7473905.0,2024-04-20 11:59:59.999,5089752.06110,16563,3696304,2517214.07220,0
2024-04-20 12:00:00,0.6816,0.6884,0.6796,0.6854,9976877.0,2024-04-20 12:59:59.999,6824745.64570,17979,4937150,3377599.75610,0
2024-04-20 13:00:00,0.6853,0.6898,0.6842,0.6895,10554533.0,2024-04-20 13:59:59.999,7248313.26230,16478,5673891,3897555.53270,0
2024-04-20 14:00:00,0.6894,0.6937,0.688,0.6912,16684411.0,2024-04-20 14:59:59.999,11526548.17650,22863,8753732,6048190.79140,0
2024-04-20 15:00:00,0.6911,0.7054,0.6888,0.7052,18835593.0,2024-04-20 15:59:59.999,13148322.83810,29943,10067078,7025263.49160,0
2024-04-20 16:00:00,0.7052,0.7117,0.7013,0.708,22397956.0,2024-04-20 16:59:59.999,15831997.27960,36697,10911266,7712646.22510,0
2024-04-20 17:00:00,0.7081,0.7324,0.708,0.732,25540391.0,2024-04-20 17:59:59.999,18452883.77510,44593,13413249,9692193.93450,0
2024-04-20 18:00:00,0.7319,0.7357,0.7264,0.7298,23134280.0,2024-04-20 18:59:59.999,16898980.34790,39632,10772306,7868678.84080,0
2024-04-20 19:00:00,0.7297,0.738,0.7272,0.7345,15848123.0,2024-04-20 19:59:59.999,11616140.46080,28207,8388370,6148498.32090,0
2024-04-20 20:00:00,0.7345,0.739,0.7325,0.7371,12764977.0,2024-04-20 20:59:59.999,9401077.84290,22017,6264870,4613414.85990,0
2024-04-20 21:00:00,0.7371,0.7402,0.7345,0.7375,7427422.0,2024-04-20 21:59:59.999,5477684.13170,16203,4051460,2987680.01300,0
2024-04-20 22:00:00,0.7375,0.74,0.7322,0.7344,13758640.0,2024-04-20 22:59:59.999,10121885.51880,22586,6693397,4924854.38880,0
2024-04-20 23:00:00,0.7344,0.7401,0.7344,0.7379,8979597.0,2024-04-20 23:59:59.999,6617543.33690,17207,4542334,3347263.18560,0
2024-04-21 00:00:00,0.7379,0.7397,0.7263,0.7307,19598642.0,2024-04-21 00:59:59.999,14383235.63160,29452,9682675,7106193.76810,0
2024-04-21 01:00:00,0.7307,0.7401,0.7307,0.7366,10448169.0,2024-04-21 01:59:59.999,7694403.75700,21185,5747959,4233003.22990,0
2024-04-21 02:00:00,0.7366,0.7445,0.7356,0.7414,13967858.0,2024-04-21 02:59:59.999,10333706.80600,24851,7030641,5201236.81050,0
2024-04-21 03:00:00,0.7415,0.7449,0.7341,0.7351,11561281.0,2024-04-21 03:59:59.999,8543961.06160,21133,5470990,4043858.99050,0
2024-04-21 04:00:00,0.7352,0.7375,0.7308,0.7361,9553403.0,2024-04-21 04:59:59.999,7008113.21360,16676,4905842,3598887.50690,0
2024-04-21 05:00:00,0.7361,0.7383,0.7318,0.7349,6603964.0,2024-04-21 05:59:59.999,4858246.01010,13581,3342168,2459250.91360,0
2024-04-21 06:00:00,0.7349,0.7388,0.733,0.7341,6160320.0,2024-04-21 06:59:59.999,4531723.66080,14302,3281482,2414127.74040,0
2024-04-21 07:00:00,0.7341,0.7354,0.7295,0.7332,7553800.0,2024-04-21 07:59:59.999,5532621.88050,14907,3609255,2643493.05070,0
2024-04-21 08:00:00,0.7333,0.7343,0.7281,0.7283,7458538.0,2024-04-21 08:59:59.999,5452468.87020,14256,3333789,2437601.63470,0
2024-04-21 09:00:00,0.7284,0.7306,0.7258,0.7281,10412614.0,2024-04-21 09:59:59.999,7579001.59750,16694,5329421,3879249.72750,0
2024-04-21 10:00:00,0.7282,0.7293,0.7231,0.7259,9997118.0,2024-04-21 10:59:59.999,7252862.09620,18901,4737733,3437620.81200,0
2024-04-21 11:00:00,0.7259,0.7314,0.7233,0.7253,10353287.0,2024-04-21 11:59:59.999,7528858.79590,17330,5135230,3734002.89040,0
2024-04-21 12:00:00,0.7254,0.7263,0.7179,0.7191,12302869.0,2024-04-21 12:59:59.999,8877115.76910,20156,5423970,3914037.53040,0
2024-04-21 13:00:00,0.7191,0.7218,0.7108,0.7138,16618931.0,2024-04-21 13:59:59.999,11904367.69400,24190,8325692,5964601.31160,0
2024-04-21 14:00:00,0.7137,0.7183,0.7122,0.7144,12328370.0,2024-04-21 14:59:59.999,8819960.35010,19384,6490952,4643939.96020,0
2024-04-21 15:00:00,0.7144,0.7213,0.7141,0.7181,9361754.0,2024-04-21 15:59:59.999,6725734.07030,16515,4662237,3348962.91210,0
2024-04-21 16:00:00,0.7181,0.7193,0.7003,0.7074,33813910.0,2024-04-21 16:59:59.999,23959097.09190,48823,15657768,11097004.76600,0
2024-04-21 17:00:00,0.7074,0.7108,0.7034,0.71,9678226.0,2024-04-21 17:59:59.999,6845669.89210,19642,5324131,3766049.82000,0
2024-04-21 18:00:00,0.71,0.7106,0.7067,0.71,6300976.0,2024-04-21 18:59:59.999,4466996.64650,14096,3019142,2140383.74640,0
2024-04-21 19:00:00,0.71,0.713,0.7082,0.7087,6859410.0,2024-04-21 19:59:59.999,4876990.15570,15751,3382537,2405147.33240,0
2024-04-21 20:00:00,0.7087,0.7148,0.7066,0.7146,11181833.0,2024-04-21 20:59:59.999,7952348.82930,17898,6328974,4502681.24960,0
2024-04-21 21:00:00,0.7146,0.7212,0.7126,0.7131,9935861.0,2024-04-21 21:59:59.999,7126067.24230,18693,4597296,3296408.27860,0
2024-04-21 22:00:00,0.7131,0.7195,0.7116,0.7147,12204548.0,2024-04-21 22:59:59.999,8733385.62210,20721,5738252,4105928.98070,0
2024-04-21 23:00:00,0.7146,0.7153,0.7108,0.7132,6652987.0,2024-04-21 23:59:59.999,4743696.91320,14141,3126674,2229512.41550,0
2024-04-22 00:00:00,0.7131,0.721,0.7101,0.7132,13485714.0,2024-04-22 00:59:59.999,9644850.63940,25099,6032100,4312913.16400,0
2024-04-22 01:00:00,0.7132,0.7241,0.7099,0.7118,23319594.0,2024-04-22 01:59:59.999,16668522.95050,37202,11430585,8170636.49820,0
2024-04-22 02:00:00,0.7117,0.7148,0.7081,0.7139,14665372.0,2024-04-22 02:59:59.999,10432815.72060,25422,7313740,5203526.19410,0
2024-04-22 03:00:00,0.7138,0.7338,0.7128,0.7301,17581614.0,2024-04-22 03:59:59.999,12748456.38180,33744,10132656,7345170.06020,0
2024-04-22 04:00:00,0.7301,0.7375,0.7284,0.737,16905725.0,2024-04-22 04:59:59.999,12390785.38720,30134,8165050,5984963.94720,0
2024-04-22 05:00:00,0.737,0.7416,0.7332,0.7413,11158323.0,2024-04-22 05:59:59.999,8225158.03760,22556,5669960,4180211.55810,0
2024-04-22 06:00:00,0.7412,0.7447,0.7374,0.7378,12543827.0,2024-04-22 06:59:59.999,9298612.44970,23651,5695367,4221785.83280,0
2024-04-22 07:00:00,0.7378,0.7421,0.7321,0.7321,9816203.0,2024-04-22 07:59:59.999,7229555.59030,20576,4719154,3476585.74460,0
2024-04-22 08:00:00,0.7322,0.7341,0.7283,0.7297,9351355.0,2024-04-22 08:59:59.999,6839090.70420,17392,4555667,3332045.03060,0
2024-04-22 09:00:00,0.7298,0.7374,0.7286,0.7371,11917441.0,2024-04-22 09:59:59.999,8753495.52570,18174,5968947,4384513.99750,0
2024-04-22 10:00:00,0.7371,0.7418,0.7357,0.7413,11602122.0,2024-04-22 10:59:59.999,8578096.46130,20253,5805909,4292575.51480,0
2024-04-22 11:00:00,0.7414,0.7419,0.7346,0.7373,7979563.0,2024-04-22 11:59:59.999,5888052.74090,15682,3576032,2638664.33860,0
2024-04-22 12:00:00,0.7374,0.7481,0.7361,0.7425,17092784.0,2024-04-22 12:59:59.999,12686588.52190,27556,9285280,6894140.33270,0
2024-04-22 13:00:00,0.7425,0.7474,0.7349,0.7396,13470999.0,2024-04-22 13:59:59.999,9978476.22170,23950,6368611,4718406.33840,0
2024-04-22 14:00:00,0.7396,0.7415,0.7329,0.7338,10559490.0,2024-04-22 14:59:59.999,7785817.13880,19271,4778599,3524554.41380,0
2024-04-22 15:00:00,0.7339,0.7391,0.7279,0.7385,17529095.0,2024-04-22 15:59:59.999,12834745.07620,28876,8207223,6012203.66380,0
2024-04-22 16:00:00,0.7386,0.7419,0.7306,0.7341,12219983.0,2024-04-22 16:59:59.999,8992386.78680,22613,5828048,4289340.11150,0
2024-04-22 17:00:00,0.7342,0.7455,0.7342,0.7406,12312032.0,2024-04-22 17:59:59.999,9112835.28970,21590,6419680,4752330.55770,0
2024-04-22 18:00:00,0.7405,0.7428,0.7387,0.7393,5060513.0,2024-04-22 18:59:59.999,3748544.88200,13045,2369880,1755346.21470,0
2024-04-22 19:00:00,0.7393,0.7403,0.7344,0.7381,5868983.0,2024-04-22 19:59:59.999,4325818.83410,13314,2718317,2003709.69980,0
2024-04-22 20:00:00,0.7381,0.7412,0.7362,0.7392,4673988.0,2024-04-22 20:59:59.999,3453267.32090,11835,2356458,1740873.35290,0
2024-04-22 21:00:00,0.7392,0.7414,0.7375,0.7401,3912489.0,2024-04-22 21:59:59.999,2894163.43030,9614,2080153,1538824.20320,0
2024-04-22 22:00:00,0.7401,0.7484,0.7398,0.7463,10030841.0,2024-04-22 22:59:59.999,7458872.19990,16455,5133283,3817228.94570,0
2024-04-22 23:00:00,0.7463,0.7493,0.7417,0.7419,8472602.0,2024-04-22 23:59:59.999,6319450.47060,17226,4005082,2987308.36100,0
2024-04-23 00:00:00,0.7418,0.7475,0.7394,0.7472,10177048.0,2024-04-23 00:59:59.999,7561202.27240,19495,4621063,3434093.32990,0
2024-04-23 01:00:00,0.7473,0.7482,0.7428,0.7428,6243015.0,2024-04-23 01:59:59.999,4656746.32010,16659,3031229,2261071.66640,0
2024-04-23 02:00:00,0.7428,0.7467,0.7365,0.7377,7528836.0,2024-04-23 02:59:59.999,5586840.92810,16208,3270828,2429371.90540,0
2024-04-23 03:00:00,0.7378,0.7406,0.7317,0.7328,11635320.0,2024-04-23 03:59:59.999,8553405.11310,19304,5499176,4042188.59560,0
2024-04-23 04:00:00,0.7327,0.7359,0.7272,0.7309,12551807.0,2024-04-23 04:59:59.999,9181490.73490,19085,6144212,4495539.88110,0
2024-04-23 05:00:00,0.7308,0.7371,0.7304,0.7367,10321073.0,2024-04-23 05:59:59.999,7575636.77080,18781,5351443,3928138.73100,0
2024-04-23 06:00:00,0.7366,0.7379,0.727,0.7305,10444114.0,2024-04-23 06:59:59.999,7660309.10020,20599,5014107,3678243.31900,0
2024-04-23 07:00:00,0.7304,0.7323,0.7219,0.7258,15367351.0,2024-04-23 07:59:59.999,11161518.64390,23995,7326587,5319966.75800,0
2024-04-23 08:00:00,0.7257,0.7295,0.7226,0.7284,10646572.0,2024-04-23 08:59:59.999,7729661.73490,18182,5248990,3811321.04850,0
2024-04-23 09:00:00,0.7284,0.73,0.724,0.7262,6277032.0,2024-04-23 09:59:59.999,4561741.48370,13697,3093038,2247891.83240,0
2024-04-23 10:00:00,0.7261,0.7324,0.726,0.7294,7779078.0,2024-04-23 10:59:59.999,5678403.73170,17190,3788431,2764973.11130,0
2024-04-23 11:00:00,0.7294,0.7299,0.7234,0.7266,7503263.0,2024-04-23 11:59:59.999,5450881.45620,17281,3430445,2491667.02390,0
2024-04-23 12:00:00,0.7266,0.7301,0.7245,0.7292,8556541.0,2024-04-23 12:59:59.999,6226347.90330,19089,4067939,2960565.89380,0
2024-04-23 13:00:00,0.7293,0.7347,0.7244,0.7342,11839500.0,2024-04-23 13:59:59.999,8639808.96550,24942,5372202,3921418.84350,0
2024-04-23 14:00:00,0.7343,0.7423,0.7326,0.7382,20078849.0,2024-04-23 14:59:59.999,14826070.72840,34640,9873586,7290657.12880,0
2024-04-23 15:00:00,0.7382,0.7388,0.732,0.7336,11172604.0,2024-04-23 15:59:59.999,8214121.02020,21824,5568827,4094329.05160,0
2024-04-23 16:00:00,0.7337,0.7375,0.7309,0.7334,9046898.0,2024-04-23 16:59:59.999,6648242.79680,18908,4713913,3464564.92090,0
2024-04-23 17:00:00,0.7333,0.7399,0.7312,0.7368,7943556.0,2024-04-23 17:59:59.999,5844942.88990,17071,4303425,3166964.37020,0
2024-04-23 18:00:00,0.7368,0.7375,0.7305,0.7346,7780247.0,2024-04-23 18:59:59.999,5712679.14700,18387,3765405,2765085.93210,0
2024-04-23 19:00:00,0.7347,0.7352,0.7305,0.7338,6155924.0,2024-04-23 19:59:59.999,4511879.79230,14795,3113008,2281816.48720,0
2024-04-23 20:00:00,0.7338,0.7353,0.7263,0.7343,11949081.0,2024-04-23 20:59:59.999,8745427.41780,22085,5932966,4343605.97760,0
2024-04-23 21:00:00,0.7343,0.7343,0.7279,0.729,6970722.0,2024-04-23 21:59:59.999,5090916.68240,13298,3277857,2393783.54830,0
2024-04-23 22:00:00,0.729,0.7314,0.7254,0.7268,6169196.0,2024-04-23 22:59:59.999,4496874.25860,16007,3001782,2188402.31880,0
2024-04-23 23:00:00,0.7268,0.7289,0.7224,0.7288,6968145.0,2024-04-23 23:59:59.999,5057307.20790,22186,3560857,2584424.49750,0
2024-04-24 00:00:00,0.7289,0.7379,0.7263,0.7367,15052359.0,2024-04-24 00:59:59.999,11025509.81600,30943,8192574,6001848.81460,0
2024-04-24 01:00:00,0.7368,0.7415,0.7363,0.7402,14533660.0,2024-04-24 01:59:59.999,10742990.08300,25084,7527326,5563777.65140,0
2024-04-24 02:00:00,0.7403,0.7415,0.7332,0.7388,10950591.0,2024-04-24 02:59:59.999,8085279.04120,19935,4934886,3645002.02220,0
2024-04-24 03:00:00,0.7388,0.7484,0.7378,0.7429,14934658.0,2024-04-24 03:59:59.999,11109333.96150,25479,8236187,6127218.60940,0
2024-04-24 04:00:00,0.743,0.7644,0.7409,0.7624,20920928.0,2024-04-24 04:59:59.999,15755500.64220,34584,12143029,9148300.93340,0
2024-04-24 05:00:00,0.7624,0.7632,0.751,0.7535,17237963.0,2024-04-24 05:59:59.999,13030295.16320,29529,7960327,6015996.89140,0
2024-04-24 06:00:00,0.7535,0.7543,0.7458,0.7516,12948222.0,2024-04-24 06:59:59.999,9715468.15860,21764,5932991,4452696.40670,0
2024-04-24 07:00:00,0.7516,0.7535,0.7487,0.7495,6890772.0,2024-04-24 07:59:59.999,5178508.29580,16547,3165168,2378561.30230,0
2024-04-24 08:00:00,0.7495,0.7547,0.7492,0.7523,8195117.0,2024-04-24 08:59:59.999,6159911.88670,18355,4352706,3272017.47190,0
2024-04-24 09:00:00,0.7522,0.757,0.7467,0.7557,10759020.0,2024-04-24 09:59:59.999,8079751.87060,20421,5342536,4013247.15750,0
2024-04-24 10:00:00,0.7557,0.7583,0.7522,0.7575,11165808.0,2024-04-24 10:59:59.999,8428916.85460,22095,5515983,4164833.65870,0
2024-04-24 11:00:00,0.7574,0.7595,0.7541,0.7566,8906155.0,2024-04-24 11:59:59.999,6741806.65580,18023,4003738,3030725.18100,0
2024-04-24 12:00:00,0.7566,0.7586,0.7525,0.7539,11414104.0,2024-04-24 12:59:59.999,8618976.11240,19735,5714894,4315156.89390,0
2024-04-24 13:00:00,0.7539,0.7541,0.738,0.7389,29004849.0,2024-04-24 13:59:59.999,21620346.49220,41105,12610108,9395364.31050,0
2024-04-24 14:00:00,0.7389,0.7436,0.7172,0.727,60794327.0,2024-04-24 14:59:59.999,44219307.90700,73767,28684800,20874022.47270,0
2024-04-24 15:00:00,0.727,0.7277,0.7116,0.7141,29113951.0,2024-04-24 15:59:59.999,20941164.42210,41193,13393722,9634854.67830,0
2024-04-24 16:00:00,0.7139,0.7181,0.7079,0.7143,26034542.0,2024-04-24 16:59:59.999,18587453.22960,40171,13006308,9288088.69970,0
2024-04-24 17:00:00,0.7142,0.7246,0.7133,0.7188,20995113.0,2024-04-24 17:59:59.999,15092208.31910,30347,10123215,7279474.98600,0
2024-04-24 18:00:00,0.7188,0.7205,0.7085,0.7089,22173086.0,2024-04-24 18:59:59.999,15862734.35270,30331,10225515,7318480.33600,0
2024-04-24 19:00:00,0.7089,0.7178,0.703,0.7152,21701067.0,2024-04-24 19:59:59.999,15438123.08100,33120,11142964,7930041.28070,0
2024-04-24 20:00:00,0.7151,0.7176,0.7081,0.7105,12759027.0,2024-04-24 20:59:59.999,9084372.83920,23576,6625573,4717024.70890,0
2024-04-24 21:00:00,0.7105,0.7154,0.7059,0.7153,10090787.0,2024-04-24 21:59:59.999,7174580.29880,19101,5187559,3689886.56590,0
2024-04-24 22:00:00,0.7153,0.7154,0.7012,0.7031,13867553.0,2024-04-24 22:59:59.999,9815469.92000,24759,6380271,4515056.20420,0
2024-04-24 23:00:00,0.7032,0.7054,0.6973,0.7048,19509108.0,2024-04-24 23:59:59.999,13680831.62650,32596,9250309,6486178.89480,0
2024-04-25 00:00:00,0.7048,0.714,0.7031,0.7108,14009151.0,2024-04-25 00:59:59.999,9922080.52870,25236,7487950,5302382.98130,0
2024-04-25 01:00:00,0.7107,0.7153,0.7046,0.7046,10912031.0,2024-04-25 01:59:59.999,7765646.75190,22912,5724197,4074750.44930,0
2024-04-25 02:00:00,0.7045,0.7131,0.6986,0.7121,18313034.0,2024-04-25 02:59:59.999,12949263.35760,32374,9408664,6653975.59980,0
2024-04-25 03:00:00,0.712,0.7147,0.7045,0.7088,21121702.0,2024-04-25 03:59:59.999,14975501.34250,31920,10423426,7387101.77100,0
2024-04-25 04:00:00,0.7089,0.7108,0.6951,0.7105,28886624.0,2024-04-25 04:59:59.999,20332919.82530,41821,14008942,9862302.31070,0
2024-04-25 05:00:00,0.7106,0.7133,0.7049,0.7089,13181622.0,2024-04-25 05:59:59.999,9340711.79250,23039,6144524,4354376.89970,0
2024-04-25 06:00:00,0.709,0.7125,0.7079,0.71,6447967.0,2024-04-25 06:59:59.999,4577300.86150,15707,3495966,2482054.71890,0
2024-04-25 07:00:00,0.71,0.7118,0.7013,0.7034,9774394.0,2024-04-25 07:59:59.999,6903692.35660,19686,5036669,3555854.76550,0
2024-04-25 08:00:00,0.7034,0.7079,0.698,0.7013,13334747.0,2024-04-25 08:59:59.999,9362544.40620,25108,6670306,4683546.88540,0
2024-04-25 09:00:00,0.7014,0.7071,0.6975,0.7004,10574544.0,2024-04-25 09:59:59.999,7423341.58790,20552,5272552,3701449.97010,0
2024-04-25 10:00:00,0.7005,0.7005,0.6907,0.6955,24953159.0,2024-04-25 10:59:59.999,17321965.93570,37841,12272346,8517664.46280,0
2024-04-25 11:00:00,0.6955,0.7051,0.694,0.7039,10537858.0,2024-04-25 11:59:59.999,7379533.58740,24153,5316838,3723193.66910,0
2024-04-25 12:00:00,0.704,0.7119,0.6983,0.7007,16756935.0,2024-04-25 12:59:59.999,11809432.48680,36112,8167222,5755779.47080,0
2024-04-25 13:00:00,0.7008,0.7066,0.6945,0.705,20978864.0,2024-04-25 13:59:59.999,14694715.12250,41639,11389008,7978983.71770,0
2024-04-25 14:00:00,0.7051,0.7143,0.7034,0.7067,20152101.0,2024-04-25 14:59:59.999,14293086.02830,34085,10001420,7094047.18760,0
2024-04-25 15:00:00,0.7067,0.7186,0.7043,0.7176,17181341.0,2024-04-25 15:59:59.999,12243613.08200,31061,8311766,5921402.31100,0
2024-04-25 16:00:00,0.7176,0.7203,0.7119,0.7163,21100210.0,2024-04-25 16:59:59.999,15101774.70490,30695,11051807,7910219.30070,0
2024-04-25 17:00:00,0.7162,0.7207,0.714,0.7202,13090228.0,2024-04-25 17:59:59.999,9393207.89160,22896,6193578,4444378.91700,0
2024-04-25 18:00:00,0.7203,0.7256,0.7171,0.7253,15337835.0,2024-04-25 18:59:59.999,11065074.24690,25619,8160944,5888857.07410,0
2024-04-25 19:00:00,0.7254,0.7256,0.7179,0.7227,9577487.0,2024-04-25 19:59:59.999,6913281.07400,17326,4060944,2930919.80630,0
2024-04-25 20:00:00,0.7227,0.7266,0.7196,0.7241,10602681.0,2024-04-25 20:59:59.999,7668153.97910,19931,5138780,3716599.16710,0
2024-04-25 21:00:00,0.7242,0.7275,0.7218,0.7223,6011313.0,2024-04-25 21:59:59.999,4354882.25650,13385,2833612,2052938.55050,0
2024-04-25 22:00:00,0.7222,0.7227,0.718,0.7183,7789765.0,2024-04-25 22:59:59.999,5609814.98200,13629,4155819,2992971.04520,0
2024-04-25 23:00:00,0.7183,0.7214,0.7164,0.7199,6822791.0,2024-04-25 23:59:59.999,4908287.28500,12804,3394409,2442042.97570,0
2024-04-26 00:00:00,0.72,0.7231,0.7125,0.7202,20910193.0,2024-04-26 00:59:59.999,15020090.08760,29652,10183283,7315279.60960,0
2024-04-26 01:00:00,0.7202,0.7269,0.709,0.7245,38519412.0,2024-04-26 01:59:59.999,27641910.13100,56888,19290415,13848360.20920,0
2024-04-26 02:00:00,0.7244,0.7317,0.721,0.7248,23376874.0,2024-04-26 02:59:59.999,16957918.08000,31887,11742785,8519255.07030,0
2024-04-26 03:00:00,0.7249,0.7299,0.7195,0.7227,16182843.0,2024-04-26 03:59:59.999,11721769.69480,24912,8009787,5801591.15320,0
2024-04-26 04:00:00,0.7227,0.7243,0.7167,0.7209,12517898.0,2024-04-26 04:59:59.999,9018504.32860,21051,5978108,4307275.57160,0
2024-04-26 05:00:00,0.7209,0.731,0.7198,0.7299,9075810.0,2024-04-26 05:59:59.999,6584184.69930,17540,4941758,3585871.94410,0
2024-04-26 06:00:00,0.7299,0.7309,0.7176,0.7178,18768754.0,2024-04-26 06:59:59.999,13579764.13790,26731,7947854,5750162.13650,0
2024-04-26 07:00:00,0.7178,0.7215,0.7129,0.7179,15696278.0,2024-04-26 07:59:59.999,11257058.06290,28861,7850090,5630617.17750,0
2024-04-26 08:00:00,0.7178,0.7232,0.7137,0.7168,14078378.0,2024-04-26 08:59:59.999,10115495.20950,23181,6799383,4885758.04800,0
2024-04-26 09:00:00,0.7168,0.7188,0.7139,0.7157,9659565.0,2024-04-26 09:59:59.999,6917517.40930,18228,4978726,3565865.11690,0
2024-04-26 10:00:00,0.7158,0.7174,0.7073,0.7088,12948159.0,2024-04-26 10:59:59.999,9209595.23570,21185,6056482,4308849.18140,0
2024-04-26 11:00:00,0.7088,0.7116,0.7069,0.7086,7068564.0,2024-04-26 11:59:59.999,5013653.52950,13910,3736184,2649824.79660,0
2024-04-26 12:00:00,0.7086,0.7149,0.7046,0.7083,15228054.0,2024-04-26 12:59:59.999,10809544.63360,24298,7862637,5582120.58630,0
2024-04-26 13:00:00,0.7083,0.7139,0.6995,0.7128,21839372.0,2024-04-26 13:59:59.999,15424666.36530,32627,10360281,7317399.41170,0
2024-04-26 14:00:00,0.7127,0.7192,0.7057,0.7071,21411588.0,2024-04-26 14:59:59.999,15254164.25370,33441,10206492,7271966.60670,0
2024-04-26 15:00:00,0.7072,0.709,0.699,0.7056,16487978.0,2024-04-26 15:59:59.999,11600676.42130,28814,7802189,5490383.43760,0
2024-04-26 16:00:00,0.7057,0.7079,0.7016,0.7048,10459981.0,2024-04-26 16:59:59.999,7375727.00050,21276,4993837,3521347.62380,0
2024-04-26 17:00:00,0.7049,0.7096,0.7036,0.7091,6972021.0,2024-04-26 17:59:59.999,4929186.71030,13512,3810632,2694081.34840,0
2024-04-26 18:00:00,0.7091,0.7132,0.7074,0.7122,7398518.0,2024-04-26 18:59:59.999,5261501.46670,14127,4019106,2857976.31340,0
2024-04-26 19:00:00,0.7122,0.7122,0.7089,0.7091,5576146.0,2024-04-26 19:59:59.999,3962844.11870,10470,2288825,1626726.32230,0
2024-04-26 20:00:00,0.7092,0.7153,0.7092,0.7119,7357060.0,2024-04-26 20:59:59.999,5241635.90340,12713,3561875,2537653.56340,0
2024-04-26 21:00:00,0.7119,0.7137,0.7096,0.7129,4054163.0,2024-04-26 21:59:59.999,2884643.48700,8225,2009140,1429601.30820,0
2024-04-26 22:00:00,0.7129,0.7129,0.7005,0.7022,12916987.0,2024-04-26 22:59:59.999,9104111.72210,20305,6199425,4367715.23960,0
2024-04-26 23:00:00,0.7023,0.705,0.7017,0.7028,5275499.0,2024-04-26 23:59:59.999,3711065.78180,10359,2379401,1673906.80140,0
2024-04-27 00:00:00,0.7028,0.7056,0.692,0.6975,20829156.0,2024-04-27 00:59:59.999,14535671.99240,33307,10803684,7536018.51150,0
2024-04-27 01:00:00,0.6975,0.6979,0.68,0.6862,47011033.0,2024-04-27 01:59:59.999,32291398.65760,69266,25288930,17368263.66620,0
2024-04-27 02:00:00,0.6861,0.6986,0.6841,0.6943,13163441.0,2024-04-27 02:59:59.999,9113227.48890,26906,6648615,4604457.96830,0
2024-04-27 03:00:00,0.6943,0.7004,0.694,0.6983,7560024.0,2024-04-27 03:59:59.999,5272674.55810,16724,3646906,2543470.85710,0
2024-04-27 04:00:00,0.6983,0.7017,0.6973,0.7005,7297105.0,2024-04-27 04:59:59.999,5105781.58340,14002,3397208,2377054.90470,0
2024-04-27 05:00:00,0.7005,0.7011,0.6953,0.6987,6688186.0,2024-04-27 05:59:59.999,4665799.33590,13090,3264440,2277721.28300,0
2024-04-27 06:00:00,0.6987,0.7019,0.6963,0.6983,7302751.0,2024-04-27 06:59:59.999,5105660.23330,14346,3694347,2583427.02020,0
2024-04-27 07:00:00,0.6983,0.7005,0.6944,0.6948,5846782.0,2024-04-27 07:59:59.999,4077131.53590,11692,2373161,1655550.04250,0
2024-04-27 08:00:00,0.6948,0.696,0.6927,0.6955,6373377.0,2024-04-27 08:59:59.999,4425693.62360,13073,3029805,2103870.95170,0
2024-04-27 09:00:00,0.6955,0.6987,0.6928,0.6963,4993907.0,2024-04-27 09:59:59.999,3474652.15430,11368,2319538,1613894.75200,0
2024-04-27 10:00:00,0.6963,0.6971,0.6904,0.6908,7420220.0,2024-04-27 10:59:59.999,5143311.47230,14273,3498894,2425030.45970,0
2024-04-27 11:00:00,0.6909,0.6959,0.6878,0.6932,10137899.0,2024-04-27 11:59:59.999,7017316.06260,17730,4968684,3439795.48830,0
2024-04-27 12:00:00,0.6932,0.6991,0.6916,0.6973,9146906.0,2024-04-27 12:59:59.999,6367802.59700,16334,4553380,3169707.12680,0
2024-04-27 13:00:00,0.6972,0.7009,0.6958,0.7005,7204027.0,2024-04-27 13:59:59.999,5031334.94830,13131,3560301,2486805.81900,0
2024-04-27 14:00:00,0.7005,0.7056,0.6982,0.7012,13434815.0,2024-04-27 14:59:59.999,9430853.52170,23718,6454818,4533145.88840,0
2024-04-27 15:00:00,0.7012,0.7038,0.6973,0.6992,9913519.0,2024-04-27 15:59:59.999,6943618.66990,14308,4514299,3162651.58500,0
2024-04-27 16:00:00,0.6991,0.7022,0.6971,0.6995,9005539.0,2024-04-27 16:59:59.999,6300458.32210,15586,4740469,3316914.95600,0
2024-04-27 17:00:00,0.6995,0.7298,0.6995,0.7281,26538002.0,2024-04-27 17:59:59.999,18985890.48770,42793,14631468,10473744.85710,0
2024-04-27 18:00:00,0.728,0.7361,0.7164,0.7255,42225285.0,2024-04-27 18:59:59.999,30665976.14040,59737,21003515,15254249.96750,0
2024-04-27 19:00:00,0.7255,0.7284,0.7206,0.7284,15077867.0,2024-04-27 19:59:59.999,10908716.72350,23582,7236496,5236014.38840,0
2024-04-27 20:00:00,0.7284,0.7313,0.7233,0.7293,15355309.0,2024-04-27 20:59:59.999,11183566.02980,23965,7602649,5538051.83120,0
2024-04-27 21:00:00,0.7293,0.7339,0.7268,0.7326,7398818.0,2024-04-27 21:59:59.999,5401569.13500,16879,3729176,2722509.09370,0
2024-04-27 22:00:00,0.7325,0.7341,0.7279,0.7309,13037215.0,2024-04-27 22:59:59.999,9528180.12780,21209,6815211,4980340.77200,0
2024-04-27 23:00:00,0.7309,0.7342,0.7295,0.7327,10998807.0,2024-04-27 23:59:59.999,8052720.89180,18034,5632294,4123511.40690,0
2024-04-28 00:00:00,0.7327,0.7373,0.7318,0.7362,14679529.0,2024-04-28 00:59:59.999,10776811.62850,26559,7360297,5403841.54330,0
2024-04-28 01:00:00,0.7361,0.7394,0.7317,0.7377,9527877.0,2024-04-28 01:59:59.999,7015421.07630,20089,5002425,3684084.26300,0
2024-04-28 02:00:00,0.7378,0.7489,0.7368,0.7471,11752755.0,2024-04-28 02:59:59.999,8728735.98040,25791,6342474,4711020.27090,0
2024-04-28 03:00:00,0.7471,0.7494,0.7449,0.7453,10466000.0,2024-04-28 03:59:59.999,7818432.89600,22858,4879975,3646076.56840,0
2024-04-28 04:00:00,0.7453,0.7463,0.7417,0.7426,7290676.0,2024-04-28 04:59:59.999,5419474.61700,18538,2837730,2109575.18570,0
2024-04-28 05:00:00,0.7427,0.7439,0.7403,0.7414,5828003.0,2024-04-28 05:59:59.999,4322370.94890,15004,2475484,1836166.70740,0
2024-04-28 06:00:00,0.7414,0.7435,0.7385,0.741,13182672.0,2024-04-28 06:59:59.999,9770321.78440,20116,6244999,4629505.15140,0
2024-04-28 07:00:00,0.741,0.7434,0.7383,0.7391,7170323.0,2024-04-28 07:59:59.999,5306734.78420,14863,3460543,2561531.73380,0
2024-04-28 08:00:00,0.7391,0.7406,0.7335,0.7349,11496397.0,2024-04-28 08:59:59.999,8468260.94900,18575,5617265,4138017.62920,0
2024-04-28 09:00:00,0.7349,0.7364,0.7317,0.7332,6739125.0,2024-04-28 09:59:59.999,4949664.78840,13722,3252433,2388934.70910,0
2024-04-28 10:00:00,0.7332,0.7349,0.7276,0.7302,11994544.0,2024-04-28 10:59:59.999,8767555.98460,19117,6043054,4417832.55400,0
2024-04-28 11:00:00,0.7302,0.7309,0.7245,0.7256,11249785.0,2024-04-28 11:59:59.999,8180466.88930,17431,5753758,4184258.70000,0
2024-04-28 12:00:00,0.7256,0.729,0.7251,0.7273,8666047.0,2024-04-28 12:59:59.999,6301831.22780,14634,4634660,3370521.12660,0
2024-04-28 13:00:00,0.7273,0.735,0.7268,0.7317,11822212.0,2024-04-28 13:59:59.999,8649293.36120,23127,6191987,4529435.89550,0
2024-04-28 14:00:00,0.7316,0.7343,0.7291,0.7336,8174783.0,2024-04-28 14:59:59.999,5981398.32190,17693,4068857,2977370.02820,0
2024-04-28 15:00:00,0.7335,0.7385,0.7315,0.7332,11694246.0,2024-04-28 15:59:59.999,8594380.03260,17410,5645425,4148720.04110,0
2024-04-28 16:00:00,0.7333,0.7384,0.7326,0.7363,10882510.0,2024-04-28 16:59:59.999,8006930.44350,18975,5873663,4321786.92210,0
2024-04-28 17:00:00,0.7362,0.7385,0.7349,0.7378,5763498.0,2024-04-28 17:59:59.999,4245832.29130,11848,3160867,2328569.75930,0
2024-04-28 18:00:00,0.7378,0.7419,0.7353,0.7397,7365518.0,2024-04-28 18:59:59.999,5438476.58510,14343,3935163,2906014.35540,0
2024-04-28 19:00:00,0.7397,0.7416,0.7381,0.7387,7388150.0,2024-04-28 19:59:59.999,5465519.23560,14032,3622130,2679684.30030,0
2024-04-28 20:00:00,0.7387,0.742,0.738,0.7417,5905961.0,2024-04-28 20:59:59.999,4369548.10780,11978,2997638,2217905.79370,0
2024-04-28 21:00:00,0.7418,0.742,0.7365,0.7375,4957335.0,2024-04-28 21:59:59.999,3666143.38250,11533,2100197,1552866.75010,0
2024-04-28 22:00:00,0.7375,0.7386,0.7267,0.7298,20642135.0,2024-04-28 22:59:59.999,15101885.75550,31244,10350496,7572415.75160,0
2024-04-28 23:00:00,0.7299,0.7299,0.7178,0.721,19759047.0,2024-04-28 23:59:59.999,14281488.12030,31452,8040162,5813808.97560,0
2024-04-29 00:00:00,0.7211,0.7269,0.7193,0.7268,9926809.0,2024-04-29 00:59:59.999,7181690.51060,20166,5444609,3939339.11890,0
2024-04-29 01:00:00,0.7269,0.7319,0.7231,0.7315,9837068.0,2024-04-29 01:59:59.999,7160599.51310,20775,4961919,3613068.23410,0
2024-04-29 02:00:00,0.7315,0.7333,0.7156,0.7186,20279167.0,2024-04-29 02:59:59.999,14655891.65300,36869,9110595,6582562.92430,0
2024-04-29 03:00:00,0.7186,0.7198,0.7074,0.7078,21850027.0,2024-04-29 03:59:59.999,15590114.28120,36620,9653832,6889261.51910,0
2024-04-29 04:00:00,0.7079,0.716,0.7056,0.7142,10348843.0,2024-04-29 04:59:59.999,7369830.23970,20469,5356006,3814530.75940,0
2024-04-29 05:00:00,0.7142,0.7142,0.7074,0.7133,9216961.0,2024-04-29 05:59:59.999,6556436.38710,15495,4927935,3505833.78810,0
2024-04-29 06:00:00,0.7133,0.7138,0.6961,0.7018,25990093.0,2024-04-29 06:59:59.999,18265085.02640,38861,12417721,8727725.05230,0
2024-04-29 07:00:00,0.7018,0.7056,0.7,0.703,13657398.0,2024-04-29 07:59:59.999,9598786.85870,23991,6499635,4567622.40460,0
2024-04-29 08:00:00,0.703,0.7047,0.6966,0.702,13661013.0,2024-04-29 08:59:59.999,9569742.99930,22454,6870247,4812658.84310,0
2024-04-29 09:00:00,0.7019,0.7063,0.6987,0.7034,12015452.0,2024-04-29 09:59:59.999,8440034.83590,19637,5662798,3976494.54210,0
2024-04-29 10:00:00,0.7033,0.7061,0.6984,0.7008,10547059.0,2024-04-29 10:59:59.999,7413204.18820,17984,5270801,3704301.01590,0
2024-04-29 11:00:00,0.7008,0.7025,0.694,0.6981,11751422.0,2024-04-29 11:59:59.999,8210897.43430,20090,5651637,3950198.62190,0
2024-04-29 12:00:00,0.698,0.7028,0.6932,0.7021,16582387.0,2024-04-29 12:59:59.999,11593165.13710,25592,8149464,5697224.23810,0
2024-04-29 13:00:00,0.7022,0.7041,0.694,0.7,25481455.0,2024-04-29 13:59:59.999,17803492.62860,36291,13398231,9358805.00740,0
2024-04-29 14:00:00,0.6999,0.7141,0.6964,0.712,24726684.0,2024-04-29 14:59:59.999,17506176.05580,39466,11899477,8426087.60940,0
2024-04-29 15:00:00,0.712,0.7144,0.7098,0.7126,10833812.0,2024-04-29 15:59:59.999,7712855.71950,24410,5363573,3818455.70370,0
2024-04-29 16:00:00,0.7127,0.7136,0.696,0.6978,24409271.0,2024-04-29 16:59:59.999,17171220.54770,35502,9761673,6862923.98280,0
2024-04-29 17:00:00,0.6978,0.7018,0.6968,0.6995,10361620.0,2024-04-29 17:59:59.999,7249462.49120,20809,5326138,3726203.42700,0
2024-04-29 18:00:00,0.6995,0.7002,0.6937,0.6971,10480808.0,2024-04-29 18:59:59.999,7301459.59510,20510,5184911,3611590.40650,0
2024-04-29 19:00:00,0.6971,0.6971,0.6879,0.6942,15976696.0,2024-04-29 19:59:59.999,11056485.65020,29187,6990744,4838251.02620,0
2024-04-29 20:00:00,0.6941,0.7001,0.6924,0.6968,10629025.0,2024-04-29 20:59:59.999,7406192.62360,21535,5417010,3774516.52660,0
2024-04-29 21:00:00,0.6967,0.6977,0.6919,0.6938,5532235.0,2024-04-29 21:59:59.999,3841872.33310,12755,2924744,2030577.08170,0
2024-04-29 22:00:00,0.6938,0.7091,0.6935,0.708,19964782.0,2024-04-29 22:59:59.999,14047534.20860,34871,10339220,7277527.87290,0
2024-04-29 23:00:00,0.708,0.7117,0.7035,0.7038,12978733.0,2024-04-29 23:59:59.999,9192540.52920,25072,5557572,3937359.72600,0
2024-04-30 00:00:00,0.7038,0.713,0.6996,0.7104,15965840.0,2024-04-30 00:59:59.999,11259697.36430,30450,8784503,6192374.10910,0
2024-04-30 01:00:00,0.7103,0.7106,0.6947,0.695,13076701.0,2024-04-30 01:59:59.999,9193320.98770,27571,5580863,3925828.97070,0
2024-04-30 02:00:00,0.695,0.7031,0.6872,0.7022,23411164.0,2024-04-30 02:59:59.999,16270878.64220,43649,11207180,7793141.99840,0
2024-04-30 03:00:00,0.7021,0.7033,0.699,0.7001,10025360.0,2024-04-30 03:59:59.999,7029020.00020,23086,4963722,3480497.78100,0
2024-04-30 04:00:00,0.7,0.701,0.6956,0.6957,9878012.0,2024-04-30 04:59:59.999,6893937.93250,20229,4307669,3006301.18830,0
2024-04-30 05:00:00,0.6957,0.698,0.6904,0.6953,10020683.0,2024-04-30 05:59:59.999,6959589.11240,21474,4885342,3393545.24160,0
2024-04-30 06:00:00,0.6953,0.6986,0.6941,0.6975,6341217.0,2024-04-30 06:59:59.999,4419528.00410,14055,3243550,2260681.44870,0
2024-04-30 07:00:00,0.6975,0.6984,0.6932,0.6937,6987596.0,2024-04-30 07:59:59.999,4865186.43880,16436,3144612,2189627.61370,0
2024-04-30 08:00:00,0.6936,0.6955,0.67,0.6736,35839766.0,2024-04-30 08:59:59.999,24419765.12440,58803,16040257,10927471.93110,0
2024-04-30 09:00:00,0.6736,0.6782,0.6706,0.6719,23527193.0,2024-04-30 09:59:59.999,15851613.16120,39191,11862539,7993348.44260,0
2024-04-30 10:00:00,0.6719,0.6737,0.6667,0.6705,16276841.0,2024-04-30 10:59:59.999,10912903.26990,30979,8016380,5375478.83670,0
2024-04-30 11:00:00,0.6705,0.6705,0.6609,0.6645,22208843.0,2024-04-30 11:59:59.999,14776906.52720,37995,11033847,7341583.36790,0
2024-04-30 12:00:00,0.6646,0.6679,0.6542,0.6606,32974406.0,2024-04-30 12:59:59.999,21811406.32510,51586,15724870,10401690.98070,0
2024-04-30 13:00:00,0.6607,0.6635,0.6563,0.6597,18015292.0,2024-04-30 13:59:59.999,11895689.13140,28835,8741581,5770723.21910,0
2024-04-30 14:00:00,0.6596,0.6692,0.6588,0.6656,21686431.0,2024-04-30 14:59:59.999,14405190.17380,33586,10275532,6822991.97850,0
2024-04-30 15:00:00,0.6655,0.6691,0.6572,0.6607,20669042.0,2024-04-30 15:59:59.999,13697381.87280,29624,10859019,7197361.55050,0
2024-04-30 16:00:00,0.6606,0.6608,0.6433,0.6572,42026452.0,2024-04-30 16:59:59.999,27483365.18770,57842,20600682,13475004.81180,0
2024-04-30 17:00:00,0.6572,0.6599,0.6546,0.6573,9816422.0,2024-04-30 17:59:59.999,6455958.91590,20889,5165831,3397864.63250,0
2024-04-30 18:00:00,0.6573,0.6599,0.6537,0.6598,9575820.0,2024-04-30 18:59:59.999,6289033.00560,18237,4723088,3102249.57850,0
2024-04-30 19:00:00,0.6597,0.6615,0.6496,0.6523,26383469.0,2024-04-30 19:59:59.999,17261423.94120,41149,13046268,8533528.18090,0
2024-04-30 20:00:00,0.6523,0.6625,0.6523,0.6588,17769559.0,2024-04-30 20:59:59.999,11711833.68740,27624,8352425,5505129.58170,0
2024-04-30 21:00:00,0.6589,0.6622,0.6587,0.6605,7894536.0,2024-04-30 21:59:59.999,5216269.20490,14383,3514124,2322227.73420,0
2024-04-30 22:00:00,0.6605,0.6705,0.6594,0.6661,18247516.0,2024-04-30 22:59:59.999,12143989.75670,26417,9088917,6048435.58370,0
2024-04-30 23:00:00,0.666,0.6697,0.6625,0.6668,9381804.0,2024-04-30 23:59:59.999,6247365.59500,17091,4500947,2997221.36560,0
2024-05-01 00:00:00,0.6667,0.6698,0.6612,0.6641,16781540.0,2024-05-01 00:59:59.999,11171017.10070,27411,8133553,5414808.61810,0
2024-05-01 01:00:00,0.6641,0.6693,0.6601,0.6678,19151857.0,2024-05-01 01:59:59.999,12747224.45680,30279,9963706,6632343.52490,0
2024-05-01 02:00:00,0.6677,0.6687,0.659,0.668,13922593.0,2024-05-01 02:59:59.999,9254159.64490,24919,7041303,4681158.30380,0
2024-05-01 03:00:00,0.668,0.6704,0.6655,0.6692,6658280.0,2024-05-01 03:59:59.999,4448628.74680,14896,3572555,2386939.86040,0
2024-05-01 04:00:00,0.6691,0.6752,0.6686,0.674,10443560.0,2024-05-01 04:59:59.999,7019231.07700,21445,5527343,3715803.39620,0
2024-05-01 05:00:00,0.674,0.6757,0.6698,0.6712,10275964.0,2024-05-01 05:59:59.999,6910219.82460,21605,4327535,2909323.29700,0
2024-05-01 06:00:00,0.6712,0.6721,0.6609,0.6619,13001032.0,2024-05-01 06:59:59.999,8666686.58820,21860,6644461,4430393.30880,0
2024-05-01 07:00:00,0.662,0.6631,0.6385,0.6469,77591014.0,2024-05-01 07:59:59.999,50324805.27620,94772,39590626,25684345.05150,0
2024-05-01 08:00:00,0.6469,0.6493,0.6314,0.643,43503742.0,2024-05-01 08:59:59.999,27788699.75320,64605,20035794,12800547.13300,0
2024-05-01 09:00:00,0.643,0.6515,0.6415,0.6488,19807466.0,2024-05-01 09:59:59.999,12830434.71240,30745,10057960,6515249.76460,0
2024-05-01 10:00:00,0.6489,0.6541,0.6466,0.6523,12894058.0,2024-05-01 10:59:59.999,8383512.52720,24168,6394098,4157273.19180,0
2024-05-01 11:00:00,0.6524,0.6587,0.6505,0.6587,8340505.0,2024-05-01 11:59:59.999,5452209.59320,17745,4284080,2800411.02980,0
2024-05-01 12:00:00,0.6587,0.671,0.6571,0.6703,19797566.0,2024-05-01 12:59:59.999,13161428.71230,31871,10091984,6711000.20570,0
2024-05-01 13:00:00,0.6703,0.6792,0.6673,0.6698,38667017.0,2024-05-01 13:59:59.999,26039194.43350,54058,19194611,12928316.68730,0
2024-05-01 14:00:00,0.6698,0.6739,0.6659,0.6732,17498775.0,2024-05-01 14:59:59.999,11728315.37920,28823,8404082,5631978.16560,0
2024-05-01 15:00:00,0.6733,0.6735,0.6644,0.6706,16820015.0,2024-05-01 15:59:59.999,11254386.13530,28105,8198267,5484414.07350,0
2024-05-01 16:00:00,0.6706,0.6738,0.6633,0.6646,19470835.0,2024-05-01 16:59:59.999,13025030.99730,29855,9174785,6136427.86800,0
2024-05-01 17:00:00,0.6646,0.6774,0.6613,0.6746,18018707.0,2024-05-01 17:59:59.999,12038200.69260,31418,9217749,6161260.36090,0
2024-05-01 18:00:00,0.6746,0.6974,0.6746,0.6935,39550458.0,2024-05-01 18:59:59.999,27155929.71790,71497,20468669,14054401.63530,0
2024-05-01 19:00:00,0.6936,0.6971,0.6723,0.6761,40006430.0,2024-05-01 19:59:59.999,27236785.74160,63027,19624639,13359870.83480,0
2024-05-01 20:00:00,0.6762,0.6836,0.6727,0.6824,13765267.0,2024-05-01 20:59:59.999,9347396.16270,27014,6994389,4750125.38690,0
2024-05-01 21:00:00,0.6824,0.6882,0.68,0.6865,7004277.0,2024-05-01 21:59:59.999,4791810.19010,17004,3675784,2514137.00130,0
2024-05-01 22:00:00,0.6865,0.6904,0.6864,0.6882,9107068.0,2024-05-01 22:59:59.999,6269572.35490,18257,4804743,3307458.15500,0
2024-05-01 23:00:00,0.6881,0.6937,0.6867,0.6916,8243921.0,2024-05-01 23:59:59.999,5689593.56770,16657,4146506,2861579.27750,0
2024-05-02 00:00:00,0.6916,0.6925,0.6826,0.6833,16314600.0,2024-05-02 00:59:59.999,11214778.04910,25639,8079701,5553170.62230,0
2024-05-02 01:00:00,0.6834,0.6862,0.6726,0.6799,19082473.0,2024-05-02 01:59:59.999,12965838.36030,31543,9401137,6389535.71790,0
2024-05-02 02:00:00,0.6799,0.6834,0.6778,0.6803,11765892.0,2024-05-02 02:59:59.999,8005754.86520,20478,5976561,4066493.01100,0
2024-05-02 03:00:00,0.6803,0.6878,0.6798,0.6856,8619323.0,2024-05-02 03:59:59.999,5901045.50290,16618,4860510,3327271.78570,0
2024-05-02 04:00:00,0.6856,0.6894,0.6839,0.6856,9117660.0,2024-05-02 04:59:59.999,6260418.71830,16693,4242831,2914057.38480,0
2024-05-02 05:00:00,0.6857,0.6877,0.6811,0.687,8892246.0,2024-05-02 05:59:59.999,6087850.12550,15798,3721087,2547386.50680,0
2024-05-02 06:00:00,0.6871,0.6921,0.6861,0.6892,9564807.0,2024-05-02 06:59:59.999,6595638.92620,17871,5011867,3456798.69340,0
2024-05-02 07:00:00,0.6893,0.6957,0.6892,0.6915,10720215.0,2024-05-02 07:59:59.999,7434488.32190,17913,5082368,3524486.62580,0
2024-05-02 08:00:00,0.6915,0.6958,0.6904,0.6955,7522161.0,2024-05-02 08:59:59.999,5219230.80190,16690,4020145,2789513.26300,0
2024-05-02 09:00:00,0.6955,0.7,0.6953,0.6989,9920262.0,2024-05-02 09:59:59.999,6920157.09150,18062,5709077,3982787.93180,0
2024-05-02 10:00:00,0.699,0.7097,0.698,0.7073,16301176.0,2024-05-02 10:59:59.999,11472828.20240,28310,8168660,5749069.87240,0
2024-05-02 11:00:00,0.7073,0.7164,0.7072,0.7148,20505345.0,2024-05-02 11:59:59.999,14618536.96750,34224,10644827,7587531.50340,0
2024-05-02 12:00:00,0.7149,0.719,0.7107,0.7113,21805930.0,2024-05-02 12:59:59.999,15577069.94130,33412,10564617,7547672.18940,0
2024-05-02 13:00:00,0.7114,0.7139,0.7042,0.7068,14427200.0,2024-05-02 13:59:59.999,10232797.95640,26487,7158188,5077211.80730,0
2024-05-02 14:00:00,0.7068,0.714,0.7048,0.7124,13457111.0,2024-05-02 14:59:59.999,9547216.95480,24032,6808791,4831140.51700,0
2024-05-02 15:00:00,0.7126,0.7171,0.7111,0.7134,12368348.0,2024-05-02 15:59:59.999,8828801.54510,22556,6875988,4909397.10440,0
2024-05-02 16:00:00,0.7134,0.7173,0.7106,0.7124,8611697.0,2024-05-02 16:59:59.999,6150390.05390,18583,3978928,2841814.79750,0
2024-05-02 17:00:00,0.7125,0.7161,0.7118,0.7156,5883852.0,2024-05-02 17:59:59.999,4202047.81150,13750,3040470,2171709.52420,0
2024-05-02 18:00:00,0.7156,0.7236,0.7108,0.7186,12742100.0,2024-05-02 18:59:59.999,9139756.94830,24680,6768602,4858633.49260,0
2024-05-02 19:00:00,0.7186,0.7209,0.7154,0.72,6561880.0,2024-05-02 19:59:59.999,4710626.38200,18811,3376739,2424335.09260,0
2024-05-02 20:00:00,0.72,0.722,0.7146,0.7209,10714100.0,2024-05-02 20:59:59.999,7702107.46070,18921,5239343,3766741.61810,0
2024-05-02 21:00:00,0.7209,0.7254,0.7201,0.7214,7424428.0,2024-05-02 21:59:59.999,5366652.23850,16019,3878718,2803677.32220,0
2024-05-02 22:00:00,0.7215,0.7262,0.7207,0.7234,8402531.0,2024-05-02 22:59:59.999,6081610.99160,17323,4525127,3275253.88590,0
2024-05-02 23:00:00,0.7234,0.7237,0.7183,0.7203,9565534.0,2024-05-02 23:59:59.999,6893988.36710,15207,4736490,3413513.95180,0
2024-05-03 00:00:00,0.7203,0.7257,0.7201,0.7244,8875733.0,2024-05-03 00:59:59.999,6414349.08300,18858,3952629,2856126.86020,0
2024-05-03 01:00:00,0.7244,0.729,0.7234,0.7267,10288189.0,2024-05-03 01:59:59.999,7471920.74740,21073,4947406,3593013.43180,0
2024-05-03 02:00:00,0.7268,0.7317,0.7223,0.7234,7985599.0,2024-05-03 02:59:59.999,5804215.18400,18956,3987341,2898483.06180,0
2024-05-03 03:00:00,0.7234,0.7267,0.7209,0.7217,5051637.0,2024-05-03 03:59:59.999,3654838.54360,12858,2284452,1653094.45810,0
2024-05-03 04:00:00,0.7217,0.7232,0.7165,0.7186,10112206.0,2024-05-03 04:59:59.999,7274676.44500,18190,4818139,3465722.22380,0
2024-05-03 05:00:00,0.7187,0.72,0.7167,0.7175,7225494.0,2024-05-03 05:59:59.999,5190024.54600,15259,3893794,2796671.26880,0
2024-05-03 06:00:00,0.7175,0.719,0.7156,0.7161,5973974.0,2024-05-03 06:59:59.999,4283998.72620,14531,3038042,2178900.30230,0
2024-05-03 07:00:00,0.7161,0.7199,0.714,0.716,7806520.0,2024-05-03 07:59:59.999,5597180.80850,16491,3930707,2818800.53340,0
2024-05-03 08:00:00,0.716,0.7192,0.7158,0.7174,6199352.0,2024-05-03 08:59:59.999,4447712.30530,12954,3127134,2243356.64070,0
2024-05-03 09:00:00,0.7175,0.7256,0.7169,0.723,8278281.0,2024-05-03 09:59:59.999,5974923.73420,13672,4198967,3030969.36930,0
2024-05-03 10:00:00,0.723,0.7233,0.7139,0.7185,10647458.0,2024-05-03 10:59:59.999,7649975.43620,16173,4721814,3393222.93980,0
2024-05-03 11:00:00,0.7186,0.7245,0.7166,0.7228,8642792.0,2024-05-03 11:59:59.999,6232594.55730,15615,4632805,3340621.71940,0
2024-05-03 12:00:00,0.7229,0.7333,0.721,0.7295,25824462.0,2024-05-03 12:59:59.999,18802428.92260,37793,13993793,10189693.90850,0
2024-05-03 13:00:00,0.7295,0.7338,0.728,0.7321,16940717.0,2024-05-03 13:59:59.999,12381544.22640,29010,8379128,6125515.97570,0
2024-05-03 14:00:00,0.7322,0.7336,0.7267,0.7293,12296957.0,2024-05-03 14:59:59.999,8977951.21490,23122,6048473,4416455.43850,0
2024-05-03 15:00:00,0.7293,0.7314,0.7245,0.73,8632927.0,2024-05-03 15:59:59.999,6284179.37910,17527,4405836,3208135.89380,0
2024-05-03 16:00:00,0.7301,0.7328,0.7275,0.7284,7478387.0,2024-05-03 16:59:59.999,5462997.54920,16439,3384865,2472986.11270,0
2024-05-03 17:00:00,0.7283,0.7327,0.7262,0.7317,6840525.0,2024-05-03 17:59:59.999,4990489.60360,13194,3845478,2805889.15040,0
2024-05-03 18:00:00,0.7317,0.7335,0.7296,0.7307,5268991.0,2024-05-03 18:59:59.999,3854446.88580,10137,2518358,1842307.30920,0
2024-05-03 19:00:00,0.7308,0.7348,0.7289,0.7343,6713467.0,2024-05-03 19:59:59.999,4914532.65670,11366,3721126,2724208.65140,0
2024-05-03 20:00:00,0.7343,0.7413,0.7323,0.7374,12538922.0,2024-05-03 20:59:59.999,9242545.66430,21423,6668697,4915834.48550,0
2024-05-03 21:00:00,0.7375,0.7388,0.7325,0.7356,5394642.0,2024-05-03 21:59:59.999,3967073.88070,11432,2652972,1951042.66070,0
2024-05-03 22:00:00,0.7356,0.7361,0.733,0.7334,5184115.0,2024-05-03 22:59:59.999,3804761.08580,10194,2553913,1874340.23440,0
2024-05-03 23:00:00,0.7334,0.7377,0.7316,0.7319,6220338.0,2024-05-03 23:59:59.999,4567384.29470,10893,3845806,2825241.98430,0
2024-05-04 00:00:00,0.732,0.7357,0.7288,0.7315,8980863.0,2024-05-04 00:59:59.999,6569927.86590,16602,4046743,2961193.69160,0
2024-05-04 01:00:00,0.7314,0.7343,0.7285,0.7291,7053874.0,2024-05-04 01:59:59.999,5155024.58300,12544,3119770,2281006.57020,0
2024-05-04 02:00:00,0.7291,0.7297,0.7254,0.7283,12681324.0,2024-05-04 02:59:59.999,9222263.83730,15882,5276345,3837644.94940,0
2024-05-04 03:00:00,0.7282,0.7292,0.726,0.7279,4865173.0,2024-05-04 03:59:59.999,3540458.53130,9200,2122740,1544801.18640,0
2024-05-04 04:00:00,0.7279,0.7301,0.726,0.7288,4981507.0,2024-05-04 04:59:59.999,3627880.70020,11047,2688316,1957911.45120,0
2024-05-04 05:00:00,0.7288,0.7291,0.7242,0.7273,5672293.0,2024-05-04 05:59:59.999,4118368.37780,9859,2732364,1983803.24690,0
2024-05-04 06:00:00,0.7272,0.7273,0.7234,0.7246,5345851.0,2024-05-04 06:59:59.999,3874864.59170,8605,2761047,2001349.84010,0
2024-05-04 07:00:00,0.7246,0.7265,0.7234,0.7245,5215587.0,2024-05-04 07:59:59.999,3781890.41220,8090,2392211,1734802.49110,0
2024-05-04 08:00:00,0.7244,0.727,0.724,0.7261,5637188.0,2024-05-04 08:59:59.999,4091574.46110,8531,3199073,2321941.95850,0
2024-05-04 09:00:00,0.726,0.7277,0.725,0.7257,5044752.0,2024-05-04 09:59:59.999,3663927.73000,8196,2497662,1814061.17720,0
2024-05-04 10:00:00,0.7257,0.7376,0.7246,0.7374,12287825.0,2024-05-04 10:59:59.999,8984528.01610,16137,6914643,5056030.19280,0
2024-05-04 11:00:00,0.7374,0.7377,0.7274,0.7298,18164161.0,2024-05-04 11:59:59.999,13320384.52510,19885,8353377,6129478.56160,0
2024-05-04 12:00:00,0.7298,0.7365,0.7284,0.736,7762308.0,2024-05-04 12:59:59.999,5685668.96070,13574,4039268,2959899.56190,0
2024-05-04 13:00:00,0.736,0.738,0.729,0.7336,12369765.0,2024-05-04 13:59:59.999,9062323.49480,16746,6017155,4409841.97560,0
2024-05-04 14:00:00,0.7336,0.734,0.73,0.7326,5232169.0,2024-05-04 14:59:59.999,3830995.64770,9617,2386374,1747290.00970,0
2024-05-04 15:00:00,0.7326,0.7366,0.7323,0.7364,6061795.0,2024-05-04 15:59:59.999,4453386.56610,10018,3416002,2510166.69670,0
2024-05-04 16:00:00,0.7364,0.7369,0.7324,0.735,7424192.0,2024-05-04 16:59:59.999,5456330.61170,11193,3027867,2225487.40800,0
2024-05-04 17:00:00,0.7351,0.7355,0.7301,0.7316,5133162.0,2024-05-04 17:59:59.999,3762571.12000,9700,2365020,1733876.54250,0
2024-05-04 18:00:00,0.7317,0.734,0.7309,0.7319,3763162.0,2024-05-04 18:59:59.999,2756357.66280,7183,2078868,1522742.52280,0
2024-05-04 19:00:00,0.732,0.7354,0.7301,0.7352,4463093.0,2024-05-04 19:59:59.999,3268262.52650,7690,2302456,1686636.68620,0
2024-05-04 20:00:00,0.7352,0.7397,0.7341,0.7341,9959934.0,2024-05-04 20:59:59.999,7343893.34250,14387,5420717,3997450.60550,0
2024-05-04 21:00:00,0.7342,0.7345,0.7275,0.7311,6937852.0,2024-05-04 21:59:59.999,5071120.88270,11184,2751740,2011824.37360,0
2024-05-04 22:00:00,0.7311,0.7315,0.7271,0.7279,6714557.0,2024-05-04 22:59:59.999,4896445.46510,10032,2541970,1854001.71280,0
2024-05-04 23:00:00,0.7279,0.7303,0.7276,0.7287,4028804.0,2024-05-04 23:59:59.999,2937582.12220,7638,2045051,1491148.83780,0
2024-05-05 00:00:00,0.7288,0.7297,0.7217,0.7281,15023428.0,2024-05-05 00:59:59.999,10908455.11740,21665,7361294,5345972.89230,0
2024-05-05 01:00:00,0.7281,0.7292,0.7187,0.7244,15883726.0,2024-05-05 01:59:59.999,11480627.94040,27707,8280117,5985228.53670,0
2024-05-05 02:00:00,0.7243,0.726,0.7224,0.7225,4530377.0,2024-05-05 02:59:59.999,3282052.06070,14058,1915887,1387913.48900,0
2024-05-05 03:00:00,0.7225,0.7249,0.7193,0.7244,5550847.0,2024-05-05 03:59:59.999,4009750.66390,13008,3302699,2386404.45610,0
2024-05-05 04:00:00,0.7243,0.7253,0.7214,0.7219,3210307.0,2024-05-05 04:59:59.999,2322518.59770,7229,1549751,1121328.12710,0
2024-05-05 05:00:00,0.7218,0.7231,0.7187,0.7192,4086097.0,2024-05-05 05:59:59.999,2946218.53050,11239,2090238,1507326.67080,0
2024-05-05 06:00:00,0.7191,0.7218,0.7184,0.7208,3468095.0,2024-05-05 06:59:59.999,2498551.34370,7980,2055291,1480603.83700,0
2024-05-05 07:00:00,0.7208,0.727,0.72,0.724,5874954.0,2024-05-05 07:59:59.999,4253105.19560,12227,3078221,2228311.53180,0
2024-05-05 08:00:00,0.724,0.7328,0.7233,0.7306,7796843.0,2024-05-05 08:59:59.999,5677943.74690,12798,4418946,3218360.68720,0
2024-05-05 09:00:00,0.7306,0.7316,0.7268,0.7298,6863906.0,2024-05-05 09:59:59.999,5004747.67870,10611,3277201,2389246.10460,0
2024-05-05 10:00:00,0.7298,0.7319,0.7283,0.7312,5013036.0,2024-05-05 10:59:59.999,3660304.29440,9268,2488779,1817390.27310,0
2024-05-05 11:00:00,0.7312,0.735,0.7295,0.7325,6190530.0,2024-05-05 11:59:59.999,4536999.05650,11667,3026672,2217683.03430,0
2024-05-05 12:00:00,0.7325,0.7347,0.7307,0.7311,6884473.0,2024-05-05 12:59:59.999,5044715.37320,11070,3030082,2220663.25930,0
2024-05-05 13:00:00,0.7311,0.7352,0.728,0.7308,7301107.0,2024-05-05 13:59:59.999,5339403.52340,14119,3541706,2590405.32360,0
2024-05-05 14:00:00,0.7308,0.7352,0.7262,0.7347,8266878.0,2024-05-05 14:59:59.999,6033743.08300,14002,4571749,3336954.55970,0
2024-05-05 15:00:00,0.7347,0.741,0.7321,0.7382,14764944.0,2024-05-05 15:59:59.999,10879568.82710,23595,7901964,5824102.23400,0
2024-05-05 16:00:00,0.7381,0.7409,0.7349,0.7359,8882931.0,2024-05-05 16:59:59.999,6558957.66270,15563,4465479,3297866.78570,0
2024-05-05 17:00:00,0.7359,0.7382,0.7342,0.7348,4317823.0,2024-05-05 17:59:59.999,3178405.90690,9735,2344020,1725615.17070,0
2024-05-05 18:00:00,0.7348,0.7351,0.7281,0.7319,7607721.0,2024-05-05 18:59:59.999,5563172.01460,12305,3523952,2576935.21220,0
2024-05-05 19:00:00,0.7319,0.7337,0.7306,0.7311,4507457.0,2024-05-05 19:59:59.999,3300210.73890,9647,2072915,1517834.34620,0
2024-05-05 20:00:00,0.731,0.7337,0.7305,0.7332,5928517.0,2024-05-05 20:59:59.999,4341170.80820,10435,3245207,2376258.63680,0
2024-05-05 21:00:00,0.7331,0.7332,0.7293,0.7328,3922881.0,2024-05-05 21:59:59.999,2868816.88480,8315,2106919,1540829.24270,0
2024-05-05 22:00:00,0.7327,0.733,0.7291,0.7314,3351751.0,2024-05-05 22:59:59.999,2450820.70950,8121,1799472,1315811.85800,0
2024-05-05 23:00:00,0.7313,0.7347,0.7313,0.7334,3605313.0,2024-05-05 23:59:59.999,2643136.10530,8406,1679595,1231204.06280,0
2024-05-06 00:00:00,0.7334,0.7385,0.7325,0.7369,6131354.0,2024-05-06 00:59:59.999,4509634.40420,13888,3084382,2269681.17450,0
2024-05-06 01:00:00,0.7368,0.7399,0.7331,0.7338,6798489.0,2024-05-06 01:59:59.999,5006861.90600,14800,3093763,2280189.75140,0
2024-05-06 02:00:00,0.7338,0.736,0.7303,0.7305,5216068.0,2024-05-06 02:59:59.999,3825937.95170,9705,2117057,1553685.37430,0
2024-05-06 03:00:00,0.7305,0.7322,0.7267,0.7315,6162845.0,2024-05-06 03:59:59.999,4498620.08820,11588,2656023,1939461.75430,0
2024-05-06 04:00:00,0.7315,0.7338,0.7285,0.7338,5545384.0,2024-05-06 04:59:59.999,4051958.39580,9532,3041142,2222464.45120,0
2024-05-06 05:00:00,0.7338,0.7405,0.733,0.7396,10935185.0,2024-05-06 05:59:59.999,8064995.35600,15248,6430924,4744591.05640,0
2024-05-06 06:00:00,0.7397,0.7448,0.738,0.7405,9643425.0,2024-05-06 06:59:59.999,7149863.21270,18523,5440691,4034789.16540,0
2024-05-06 07:00:00,0.7405,0.7589,0.7402,0.7524,22058477.0,2024-05-06 07:59:59.999,16548680.18330,32710,13089286,9814748.99430,0
2024-05-06 08:00:00,0.7524,0.7768,0.7513,0.7766,37153476.0,2024-05-06 08:59:59.999,28514183.88670,57035,18270366,14018375.03360,0
2024-05-06 09:00:00,0.7766,0.7777,0.7708,0.777,15643212.0,2024-05-06 09:59:59.999,12126495.10190,26247,7535012,5840628.79220,0
2024-05-06 10:00:00,0.7769,0.7775,0.7518,0.7546,33674133.0,2024-05-06 10:59:59.999,25718367.63040,53871,13607759,10377535.14640,0
2024-05-06 11:00:00,0.7546,0.7605,0.745,0.7475,24600336.0,2024-05-06 11:59:59.999,18497809.11860,36812,10770881,8097071.46610,0
2024-05-06 12:00:00,0.7475,0.7491,0.728,0.7344,25940736.0,2024-05-06 12:59:59.999,19142874.24820,45112,11523093,8504599.98070,0
2024-05-06 13:00:00,0.7344,0.7398,0.7318,0.7372,15267208.0,2024-05-06 13:59:59.999,11240327.22320,27675,7983829,5878970.61450,0
2024-05-06 14:00:00,0.7373,0.7406,0.7254,0.7262,14083036.0,2024-05-06 14:59:59.999,10336657.45330,26616,5893741,4331252.08390,0
2024-05-06 15:00:00,0.7261,0.7293,0.7194,0.7269,24358744.0,2024-05-06 15:59:59.999,17643477.53160,37167,11334797,8213024.08740,0
2024-05-06 16:00:00,0.7269,0.7289,0.7151,0.7167,16834004.0,2024-05-06 16:59:59.999,12121861.44850,29488,8132638,5857885.31590,0
2024-05-06 17:00:00,0.7167,0.7219,0.7137,0.7168,12281122.0,2024-05-06 17:59:59.999,8815750.02110,22728,6105256,4384375.90260,0
2024-05-06 18:00:00,0.7168,0.7207,0.7144,0.7199,8097053.0,2024-05-06 18:59:59.999,5813069.20290,17761,3834416,2752788.36110,0
2024-05-06 19:00:00,0.7199,0.7199,0.7098,0.716,12027929.0,2024-05-06 19:59:59.999,8587446.70330,22859,5138888,3668705.50130,0
2024-05-06 20:00:00,0.716,0.7196,0.7149,0.7192,7778234.0,2024-05-06 20:59:59.999,5579450.13720,14011,3555750,2551073.22780,0
2024-05-06 21:00:00,0.7191,0.7206,0.7171,0.7182,5918132.0,2024-05-06 21:59:59.999,4254731.37790,10625,2446619,1759253.40230,0
2024-05-06 22:00:00,0.7181,0.7184,0.7123,0.7138,8989140.0,2024-05-06 22:59:59.999,6426242.21430,12473,3539540,2529232.00070,0
2024-05-06 23:00:00,0.7138,0.7145,0.7086,0.7095,7335160.0,2024-05-06 23:59:59.999,5216043.85630,12628,3060674,2176719.92000,0
2024-05-07 00:00:00,0.7094,0.7129,0.7047,0.7093,14262452.0,2024-05-07 00:59:59.999,10113341.10750,22553,6352036,4505019.86370,0
2024-05-07 01:00:00,0.7093,0.7144,0.7077,0.7143,8516206.0,2024-05-07 01:59:59.999,6059093.39580,15111,3978424,2830724.75500,0
2024-05-07 02:00:00,0.7142,0.7148,0.7109,0.7131,7462118.0,2024-05-07 02:59:59.999,5316037.04270,12120,3316305,2362319.14660,0
2024-05-07 03:00:00,0.713,0.7139,0.6958,0.7033,26444438.0,2024-05-07 03:59:59.999,18584698.47260,36462,11419685,8024327.67700,0
2024-05-07 04:00:00,0.7032,0.7055,0.7018,0.7046,7294320.0,2024-05-07 04:59:59.999,5134881.06380,14237,3689500,2597238.95970,0
2024-05-07 05:00:00,0.7046,0.7057,0.6994,0.7028,7928929.0,2024-05-07 05:59:59.999,5574675.10690,15129,3908680,2748556.28040,0
2024-05-07 06:00:00,0.7028,0.7044,0.6974,0.7005,8090730.0,2024-05-07 06:59:59.999,5664802.29090,14525,3539702,2478354.49280,0
2024-05-07 07:00:00,0.7004,0.7051,0.6992,0.7032,6909825.0,2024-05-07 07:59:59.999,4857232.74450,13804,3732743,2623789.57930,0
2024-05-07 08:00:00,0.7032,0.7157,0.7016,0.7144,18321712.0,2024-05-07 08:59:59.999,13004644.39560,25434,9963482,7073561.42580,0
2024-05-07 09:00:00,0.7143,0.7185,0.7138,0.715,11680785.0,2024-05-07 09:59:59.999,8370640.54040,17785,5633644,4036585.08110,0
2024-05-07 10:00:00,0.715,0.7166,0.71,0.7139,9435735.0,2024-05-07 10:59:59.999,6728935.85280,15004,4308641,3072485.16440,0
2024-05-07 11:00:00,0.7138,0.716,0.7046,0.7055,15629323.0,2024-05-07 11:59:59.999,11106913.93350,19135,6765821,4807121.72690,0
2024-05-07 12:00:00,0.7054,0.7113,0.7053,0.7099,8235592.0,2024-05-07 12:59:59.999,5830158.09420,13928,4564270,3231489.45840,0
2024-05-07 13:00:00,0.71,0.7107,0.7012,0.7045,11494353.0,2024-05-07 13:59:59.999,8118292.13280,17633,5019239,3546230.58740,0
2024-05-07 14:00:00,0.7046,0.7141,0.7013,0.7133,11705356.0,2024-05-07 14:59:59.999,8272060.61790,19601,6108469,4318590.77880,0
2024-05-07 15:00:00,0.7133,0.7172,0.7082,0.7091,15122671.0,2024-05-07 15:59:59.999,10774582.11460,20721,7264863,5176476.65530,0
2024-05-07 16:00:00,0.7091,0.7114,0.7046,0.7076,5664007.0,2024-05-07 16:59:59.999,4010134.37460,11958,2532084,1792889.19630,0
2024-05-07 17:00:00,0.7077,0.7088,0.7047,0.7078,5914205.0,2024-05-07 17:59:59.999,4182342.66570,11123,3150150,2228077.60220,0
2024-05-07 18:00:00,0.7078,0.7079,0.6994,0.7066,12398315.0,2024-05-07 18:59:59.999,8722098.48170,20490,5609599,3947743.37660,0
2024-05-07 19:00:00,0.7067,0.7074,0.7033,0.7039,5600147.0,2024-05-07 19:59:59.999,3947147.20060,11380,2912330,2052702.51530,0
2024-05-07 20:00:00,0.704,0.7072,0.7023,0.7046,7258040.0,2024-05-07 20:59:59.999,5116338.66380,11968,3649845,2572757.14410,0
2024-05-07 21:00:00,0.7047,0.7093,0.6995,0.7027,8379583.0,2024-05-07 21:59:59.999,5905219.31090,15726,4187777,2952475.96620,0
2024-05-07 22:00:00,0.7027,0.7041,0.6962,0.6985,10007616.0,2024-05-07 22:59:59.999,7003459.07140,17906,4635623,3245013.29840,0
2024-05-07 23:00:00,0.6985,0.6991,0.6885,0.6926,25446933.0,2024-05-07 23:59:59.999,17626303.52310,38787,11100961,7690826.38210,0
2024-05-08 00:00:00,0.6927,0.6951,0.6788,0.6908,25239848.0,2024-05-08 00:59:59.999,17357130.56670,35866,10841489,7463306.11890,0
2024-05-08 01:00:00,0.6909,0.6938,0.6873,0.6895,7282056.0,2024-05-08 01:59:59.999,5024285.00610,15565,3467405,2392728.34620,0
2024-05-08 02:00:00,0.6896,0.6935,0.6889,0.6923,4354130.0,2024-05-08 02:59:59.999,3009933.70450,11445,2348092,1623179.14540,0
2024-05-08 03:00:00,0.6923,0.6947,0.6895,0.6922,4073008.0,2024-05-08 03:59:59.999,2819730.37980,10040,1942768,1344881.56470,0
2024-05-08 04:00:00,0.6923,0.6935,0.6823,0.6856,7950597.0,2024-05-08 04:59:59.999,5470024.32020,15962,3458662,2379892.83570,0
2024-05-08 05:00:00,0.6857,0.689,0.6822,0.6871,4834603.0,2024-05-08 05:59:59.999,3315440.22390,12306,2538402,1740888.27730,0
2024-05-08 06:00:00,0.6871,0.689,0.6791,0.685,11750232.0,2024-05-08 06:59:59.999,8030335.53170,22377,5909027,4039018.98950,0
2024-05-08 07:00:00,0.6849,0.6874,0.6735,0.6768,20611644.0,2024-05-08 07:59:59.999,13975960.28550,26940,9639023,6532550.29440,0
